Songs Title,Genre,Sub Genre,Artist/Album Name,Album Price,Tags
*NEW* WAP (Buy 1 Get 3 FREE),Beats and instruments,Club Bangas,BEATS by Diamond Style,$39 ,#djMustard#twerk#cardiB#meganTheeStallion
Boom (BUY 1 GET 3 FREE),Beats and instruments,Club Bangas,Kontrabandz,$39 ,#hard#clubBanger#dababy
Reset (5 Unlimited for $50),Beats and instruments,Club Bangas,No30,$50 ,#kendricklamar#babykeem
Expensive Pain,Beats and instruments,Club Bangas,Glory Muzic,$25 ,#lilWayne#roddyRicch#richTheKid
SHE HOT (YG x Lil Pump x DaBaby),Beats and instruments,Club Bangas,FRXNKLIN,$30 ,#banger#club#kanyeWest#yg#iannDior
P-Valley - CLUB ANTHEM x TWERK TRAP -,Beats and instruments,Club Bangas,Bang Musik,$40 ,#Trap#CardiB#TrapTypeBeat#ClubBanger#MeganTheeStallion
Tyga Type Beat (ADITC),Beats and instruments,Club Bangas,rjmussic,$39 ,#trap#club#freestyle#tyga
THE PUMP,Beats and instruments,Club Bangas,Surce,$30 ,#trap#instrumental#beat#hard#hardcore
"FREE 2021 Club Banger Type Beat  ""Star Status""",Beats and instruments,Club Bangas,SdotFire,$29 ,#Drake#JackHarlow
Better Have Your Gun / Meek Mill Type Beat,Beats and instruments,Club Bangas,Buckroll,$30 ,#HipHop#MeekMill#Bounce#MeekMillTypeBeat#MeekMillBeat
Fuego,Beats and instruments,Club Bangas,Alvo Lorem,$25 ,#Reggaeton#Ozuna#ScottStorch
BANDOLERO (Buy 1 - Get 4 FREE),Beats and instruments,Club Bangas,rabeatz,$30 ,#tyga#migos#clubBanger#offset#sampled
Miami,Beats and instruments,Club Bangas,Beats On 4Klassix.com,$30 ,#MeekMill#RickRoss#Nas#JayZ#MMG
TWERK SUM,Beats and instruments,Club Bangas,Demar'sMusic,  Free,#trap#rap#hiphop#RB#miamibass
*Tyga* Get Me Lit (BUY 2 GET 1 FREE),Beats and instruments,Club Bangas,PLATINUM SELLERS BEATS,$30 ,#trap#rap#beat#banger#club
Passion. (BUY 1 GET 4 FREE) *SALE*,Beats and instruments,Club Bangas,Wendigo,$29 ,#HipHop#Club#Tyga#Offset#ClubBanger
Rowdy (97 bpm Gbm),Beats and instruments,Club Bangas,Alegal,$39 ,#tyga#lildurk#twerk#cardib#nlechoppa
